<?xml version="1.0" encoding="utf-8"?>
<extension type="module" version="2.5" client="site" method="upgrade">
	<name>Eshop Product</name>
	<creationDate>May 2013</creationDate>
	<author>Giang Dinh Truong</author>
	<authorEmail>contact@joomdonation.com</authorEmail>
	<authorUrl>http://www.joomdonation.com</authorUrl>
	<copyright>Copyright (C) 2012 Ossolution Team</copyright>
	<license>http://www.gnu.org/licenses/gpl-2.0.html GNU/GPL</license>
	<version>1.3.1</version>
	<description>This module show products for Eshop</description>
	<files>
		<filename module="mod_eshop_product">mod_eshop_product.php</filename>
		<folder>assets</folder>
		<folder>tmpl</folder>
		<filename>helper.php</filename>
		<filename>index.html</filename>
		<filename>mod_eshop_product.xml</filename>
	</files>
	<languages>
		<language tag="en-GB">language/en-GB.mod_eshop_product.ini</language>
	</languages>
	<config>
		<fields name="params">
			<fieldset name="basic" addfieldpath="/administrator/components/com_eshop/elements">
				<field type="asset" path="modules/mod_eshop_product/admin/" />
				<field name="moduleclass_sfx" type="text" label="COM_MODULES_FIELD_MODULECLASS_SFX_LABEL" description="COM_MODULES_FIELD_MODULECLASS_SFX_DESC" />
				<field	name="layout" type="filelist" label="ESHOP_LAYOUT" description="" directory="/modules/mod_eshop_product/tmpl" default="default" hide_default="1" hide_none="1" stripext="1" filter="\.php$" exclude="^_" />
				<field name="display" type="list" default="featured" label="ESHOP_PRODUCT_DISPLAY" description="">
		    		<option value="featured">ESHOP_PRODUCT_FEATURED_PRODUCTS</option>
		    		<option value="latest">ESHOP_PRODUCT_LATEST_PRODUCTS</option>
		    		<option value="random">ESHOP_PRODUCT_RANDOM_PRODUCTS</option>
		    		<option value="most_viewed">ESHOP_MOST_VIEWED_PRODUCTS</option>
		    		<option value="recently_viewed">ESHOP_RECENTLY_VIEWED_PRODUCTS</option>
		    		<option value="most_rated">ESHOP_MOST_RATED_PRODUCTS</option>
		    		<option value="top_rated">ESHOP_TOP_RATED_PRODUCTS</option>
		    		<option value="top_sellers">ESHOP_TOP_SELLERS_PRODUCTS</option>
		    		<option value="related">ESHOP_RELATED_PRODUCTS</option>
		    		<option value="alpha_az">ESHOP_ALPHABETICALLY_AZ</option>
		    		<option value="alpha_za">ESHOP_ALPHABETICALLY_ZA</option>
		    		<option value="price_low_high">ESHOP_PRICE_LOW_HIGH</option>
		    		<option value="price_high_low">ESHOP_PRICE_HIGH_LOW</option>
		    		<option value="ordering_low_high">ESHOP_ORDERING_LOW_HIGH</option>
		    		<option value="ordering_high_low">ESHOP_ORDERING_HIGH_LOW</option>
				</field>
				<field name="product_ids" type="eshopproducts" default="" label="ESHOP_PRODUCTS" description="ESHOP_PRODUCTS_HELP" />
				<field name="number_products" type="text" default="6" label="ESHOP_NUMBER_PRODUCT" description="" />
				<field name="products_per_row" type="text" default="6" label="ESHOP_NUMBER_PRODUCT_PER_ROW" description="" />
				<field name="show_tooltip" type="radio" class="btn-group btn-group-yesno" default="1" label="ESHOP_SHOW_TOOLTIP" description="ESHOP_SHOW_TOOLTIP_HELP">
		    		<option value="1">ESHOP_YES</option>
		    		<option value="0">ESHOP_NO</option>
				</field>
				<field name="tooltip_length" type="text" default="0" label="ESHOP_TOOLTIP_LENGTH" description="ESHOP_TOOLTIP_LENGTH_HELP" />
				<field name="show_price" type="radio" class="btn-group btn-group-yesno" default="1" label="ESHOP_SHOW_PRICE" description="">
		    		<option value="1">ESHOP_YES</option>
		    		<option value="0">ESHOP_NO</option>
				</field>
				<field name="show_addtocart" type="radio" class="btn-group btn-group-yesno" default="1" label="ESHOP_SHOW_ADDTOCART" description="">
		    		<option value="1">ESHOP_YES</option>
		    		<option value="0">ESHOP_NO</option>
				</field>
				<field name="show_add_to_wishlist" type="radio" class="btn-group btn-group-yesno" default="1" label="ESHOP_SHOW_ADD_TO_WISHLIST" description="">
		    		<option value="1">ESHOP_YES</option>
		    		<option value="0">ESHOP_NO</option>
				</field>
				<field name="show_add_to_compare" type="radio" class="btn-group btn-group-yesno" default="1" label="ESHOP_SHOW_ADD_TO_COMPARE" description="">
		    		<option value="1">ESHOP_YES</option>
		    		<option value="0">ESHOP_NO</option>
				</field>
				<field name="show_rating" type="radio" class="btn-group btn-group-yesno" default="1" label="ESHOP_SHOW_RATING" description="">
		    		<option value="1">ESHOP_YES</option>
		    		<option value="0">ESHOP_NO</option>
				</field>
				<field name="enable_labels" type="radio" class="btn-group btn-group-yesno" default="1" label="ESHOP_ENABLE_LABELS" description="">
		    		<option value="1">ESHOP_YES</option>
		    		<option value="0">ESHOP_NO</option>
				</field>
				<field name="image_width" type="text" default="100" label="ESHOP_THUMBNAIL_WIDTH" description="" />
				<field name="image_height" type="text" default="100" label="ESHOP_THUMBNAIL_HEIGHT" description="" />
				<field name="image_resize_function" type="list" default="resizeImage" label="ESHOP_IMAGE_RESIZE_FUNCTION" description="">
		    		<option value="resizeImage">ESHOP_RESIZE_IMAGE</option>
		    		<option value="cropsizeImage">ESHOP_CROPSIZE_IMAGE</option>
		    		<option value="maxsizeImage">ESHOP_MAXSIZE_IMAGE</option>
				</field>
				<field name="category_ids" type="eshopcategories" default="" label="ESHOP_CATEGORIES" description="" />
				<field name="header_text" type="text" default="" label="ESHOP_HEADER_TEXT" description="" />
				<field name="footer_text" type="text" default="" label="ESHOP_FOOTER_TEXT" description="" />
			</fieldset>
		</fields>
	</config>
</extension>