<?xml version="1.0" encoding="utf-8"?>
<extension version="1.6.0" type="plugin" group="system" method="upgrade">
	<name>Eshop Notify</name>
	<creationDate>December 2015</creationDate>
	<author>Giang Dinh Truong</author>
	<authorEmail>contact@joomdonation.com</authorEmail>
	<authorUrl>http://www.joomdonation.com</authorUrl>
	<copyright>Copyright (C) 2012 Ossolution Team</copyright>
	<license>http://www.gnu.org/licenses/gpl-2.0.html GNU/GPL</license>
	<version>1.0.0</version>
	<description>This plugin sends the email automatically to customers when a product is available</description>
	<files>
		<filename plugin="eshopnotify">eshopnotify.php</filename>
	</files>	
	<config>
		<fields name="params">
			<fieldset name="basic">
				<field name="last_run" label="Last Run Time" type="text" readonly="true" size="30" description="Store Last Run Time of the plugin."></field>
				<field name="time_period" label="Time Period (Minutes)" type="text" size="10" default="30" description="Please enter a period of time in minutes to send notify. Default is 30."></field>
				<field name="number_emails" label="Number Emails" type="text" size="10" default="30" description="Number of emails which we will send notify each time the plugin run."></field>
				<field name="bcc_email" label="BCC Email" type="text" size="30" default="" description="If you want to receive a copy of notify email so that you can keep track of notify, enter the email you want here."></field>
			</fieldset>
		</fields>
	</config>
</extension>