<?xml version="1.0" encoding="utf-8"?>
<extension version="2.5.0" type="plugin" group="content" method="upgrade">
    <name>Eshop Product content plugin</name>
    <author>Ossolution Team</author>
    <creationDate>Feb 2011</creationDate>
    <copyright>Copyright (C) 2010 Ossolution Team</copyright>
    <license>http://www.gnu.org/licenses/gpl-2.0.html GNU/GPL</license>
    <authorEmail>contact@joomdonation.com</authorEmail>
    <authorUrl>www.joomdonation.com</authorUrl>
    <version>1.3.1</version>
    <description>This plugin is used to display details of a specific product in a Joomla article.</description>
    <files>
        <filename plugin="eshopproduct">eshopproduct.php</filename>
        <filename>index.html</filename>
    </files>
</extension>
