<?xml version="1.0" encoding="utf-8"?>
<extension version="2.5" type="plugin" group="search" method="upgrade">
	<name>Search - EShop</name>
    <creationDate>May 2013</creationDate>
	<author>Giang Dinh Truong</author>
	<authorEmail>contact@joomdonation.com</authorEmail>
	<authorUrl>http://www.joomdonation.com</authorUrl>
	<copyright>Copyright (C) 2012 Ossolution Team</copyright>
	<license>http://www.gnu.org/licenses/gpl-2.0.html GNU/GPL</license>
    <version>1.3.1</version>
	<description>Allows searching products in EShop component via standard Joomla search</description>
	<files>
		<filename plugin="eshop">eshop.php</filename>
	</files>
	<config>
		<fields name="params">
			<fieldset name="basic">
				<field name="search_limit" type="text" size="5" default="50" label="Search Limit" description="The number of items to return when performing a search."/>
			</fieldset>
		</fields>
	</config>
</extension>