<?xml version="1.0" encoding="utf-8"?>
<extension type="module" version="2.5" client="site" method="upgrade">
	<name>Eshop Cart</name>
	<creationDate>May 2013</creationDate>
	<author>Giang Dinh Truong</author>
	<authorEmail>contact@joomdonation.com</authorEmail>
	<authorUrl>http://www.joomdonation.com</authorUrl>
	<copyright>Copyright (C) 2012 Ossolution Team</copyright>
	<license>http://www.gnu.org/licenses/gpl-2.0.html GNU/GPL</license>
	<version>1.3.1</version>
	<description>This module show cart for Eshop</description>
	<files>
		<filename module="mod_eshop_cart">mod_eshop_cart.php</filename>
		<folder>asset</folder>
		<folder>tmpl</folder>
		<filename>helper.php</filename>
		<filename>index.html</filename>
		<filename>mod_eshop_cart.xml</filename>
	</files>
	<languages>
		<language tag="en-GB">language/en-GB.mod_eshop_cart.ini</language>
	</languages>
	<config>
		<fields name="params">
			<fieldset name="basic" addfieldpath="/administrator/components/com_eshop/elements">
				<field name="moduleclass_sfx" type="text" label="COM_MODULES_FIELD_MODULECLASS_SFX_LABEL" description="COM_MODULES_FIELD_MODULECLASS_SFX_DESC" />
				<field
					name="layout"
					type="modulelayout"
					label="JFIELD_ALT_LAYOUT_LABEL"
					description="JFIELD_ALT_MODULE_LAYOUT_DESC" />
			</fieldset>
		</fields>
	</config>
</extension>